id,Nombre,Apellidos,Nacionalidad,Edad,Equipo,Goles,Asitencias
1,Cart,Hanington,China,1,Atlético de Madrid,1,1
2,Lavinia,Parncutt,Russia,2,Sevilla,2,2
3,Laurence,Luckham,Canada,3,Mallorca,3,3
4,Minnie,McKay,Indonesia,4,Sevilla,4,4
5,Goddart,Guare,Iraq,5,Mallorca,5,5
6,Indira,Jordin,United States,6,Athletic Club,6,6
7,Karoline,Yelland,Russia,7,Osasuna,7,7
8,Klaus,Hindes,United States,8,Elche,8,8
9,Katie,Juhruke,Indonesia,9,Villarreal,9,9
10,Alaine,Pym,France,10,Celta de Vigo,10,10
11,Avrit,Halburton,Philippines,11,Barcelona,11,11
12,Leontyne,Furze,Guatemala,12,Real Sociedad,12,12
13,Trescha,Marler,Russia,13,Real Madrid,13,13
14,Aeriela,Shacklady,Peru,14,Mallorca,14,14
15,Karim,Joinsey,China,15,Almería,15,15
16,Marieann,Arons,Ukraine,16,Mallorca,16,16
17,Filmore,Idel,China,17,Espanyol,17,17
18,Damien,Gorman,Peru,18,Villarreal,18,18
19,Jaye,Pigeon,Spain,19,Girona,19,19
20,Alicia,Michelet,Kazakhstan,20,Athletic Club,20,20
21,Rockey,Pereira,Serbia,21,Real Sociedad,21,21
22,Christiano,Bratcher,Croatia,22,Real Valladolid,22,22
23,Ofelia,Pietranek,China,23,Sevilla,23,23
24,Mel,Nozzolii,Mongolia,24,Almería,24,24
25,Harriette,Job,East Timor,25,Valencia CF,25,25
26,Vinson,Laflin,Indonesia,26,Mallorca,26,26
27,Irvine,Plaistowe,Canada,27,Athletic Club,27,27
28,Haily,Chesman,Portugal,28,Cádiz,28,28
29,Fionnula,Spurden,China,29,Almería,29,29
30,Josi,Exton,Sweden,30,Real Betis,30,30
31,Hayward,Gripton,Argentina,31,Mallorca,31,31
32,Roberto,Corkel,China,32,Villarreal,32,32
33,Noble,Houchin,China,33,Villarreal,33,33
34,Shepperd,Ouldcott,Poland,34,Real Valladolid,34,34
35,Missy,Stalman,Bosnia and Herzegovina,35,Atlético de Madrid,35,35
36,Amalia,Calder,Czech Republic,36,Real Valladolid,36,36
37,Isadore,Raven,Palestinian Territory,37,Cádiz,37,37
38,Yul,Spriggs,France,38,Cádiz,38,38
39,Lolly,Probert,Argentina,39,Real Valladolid,39,39
40,Gilburt,Easter,Angola,40,Mallorca,40,40
41,Durant,Volk,Mexico,41,Espanyol,41,41
42,Meryl,Stracey,Kenya,42,Osasuna,42,42
43,Odessa,Duguid,United States,43,Valencia CF,43,43
44,Odie,Matysik,Tunisia,44,Celta de Vigo,44,44
45,Findley,Cremen,Pakistan,45,Celta de Vigo,45,45
46,Fergus,Scutt,Indonesia,46,Celta de Vigo,46,46
47,Donetta,Cornill,Bosnia and Herzegovina,47,Real Sociedad,47,47
48,Mead,Spohrmann,China,48,Sevilla,48,48
49,Holt,Nipper,China,49,Celta de Vigo,49,49
50,Elaina,Teggin,Czech Republic,50,Atlético de Madrid,50,50
51,Jenna,McGill,Cuba,51,Girona,51,51
52,Judah,Polson,China,52,Villarreal,52,52
53,Stephanus,Agate,Panama,53,Elche,53,53
54,Agna,Berrill,Poland,54,Elche,54,54
55,Cleveland,Pryce,China,55,Atlético de Madrid,55,55
56,Yevette,Gorghetto,China,56,Mallorca,56,56
57,Elianore,Muckleston,China,57,Getafe,57,57
58,Malvina,Ogden,Poland,58,Barcelona,58,58
59,Anselma,Laborde,South Africa,59,Villarreal,59,59
60,Paulo,Binnion,Portugal,60,Celta de Vigo,60,60
61,Port,Olivier,Indonesia,61,Atlético de Madrid,61,61
62,Rahel,Toner,China,62,Espanyol,62,62
63,Koren,Domenichini,Sweden,63,Espanyol,63,63
64,Tildi,Machel,Malaysia,64,Mallorca,64,64
65,Shauna,Salerg,Albania,65,Valencia CF,65,65
66,Robina,Cobley,Indonesia,66,Sevilla,66,66
67,Osborn,Southorn,Yemen,67,Cádiz,67,67
68,Carlynne,Cloake,China,68,Osasuna,68,68
69,Perry,Cotherill,Brazil,69,Almería,69,69
70,Ruby,Nend,China,70,Elche,70,70
71,Andy,Corsor,Saudi Arabia,71,Valencia CF,71,71
72,Pembroke,Paramor,Indonesia,72,Villarreal,72,72
73,Karee,Sharvill,Philippines,73,Real Sociedad,73,73
74,Juline,Blakden,Sweden,74,Real Sociedad,74,74
75,Yolane,Rogerson,Indonesia,75,Real Valladolid,75,75
76,Susanna,Djekic,Brazil,76,Girona,76,76
77,Ophelie,Scarff,Brazil,77,Real Valladolid,77,77
78,Marketa,Coite,Japan,78,Athletic Club,78,78
79,Osbert,Sigg,Mexico,79,Athletic Club,79,79
80,Annice,Mulder,Indonesia,80,Real Madrid,80,80
81,Cecily,Wilsee,France,81,Real Valladolid,81,81
82,Garreth,Littlefair,China,82,Espanyol,82,82
83,Orsola,Grinnov,United States,83,Barcelona,83,83
84,Thaine,Hargreves,France,84,Real Madrid,84,84
85,Sydel,Hughes,Indonesia,85,Real Madrid,85,85
86,Darell,Woolmer,China,86,Elche,86,86
87,Conway,Ewin,Venezuela,87,Celta de Vigo,87,87
88,Fielding,Blinerman,Czech Republic,88,Atlético de Madrid,88,88
89,Hervey,Bullick,Indonesia,89,Sevilla,89,89
90,Malvin,Talmadge,Iran,90,Atlético de Madrid,90,90
91,Glenine,Tineman,Malaysia,91,Celta de Vigo,91,91
92,Carmita,Pallatina,China,92,Espanyol,92,92
93,Carmelina,Castelletto,Peru,93,Valencia CF,93,93
94,Arlee,D'Antonio,Peru,94,Almería,94,94
95,Zebulen,Rignoldes,China,95,Mallorca,95,95
96,Valery,McGiff,United States,96,Real Sociedad,96,96
97,Tyne,Tunsley,Croatia,97,Barcelona,97,97
98,Cassy,Billett,China,98,Almería,98,98
99,Lawry,Dumingo,Thailand,99,Celta de Vigo,99,99
100,Kenneth,Webben,Yemen,100,Cádiz,100,100
101,Atlante,Manners,Canada,101,Almería,101,101
102,Lauretta,Chaffin,Peru,102,Athletic Club,102,102
103,Lorene,Marquess,Indonesia,103,Osasuna,103,103
104,Rafe,Rodriguez,Burkina Faso,104,Real Valladolid,104,104
105,Maura,Stracey,New Zealand,105,Getafe,105,105
106,Carter,Mechic,Azerbaijan,106,Elche,106,106
107,Judy,Nurdin,Poland,107,Girona,107,107
108,Hortensia,Dmitriev,Russia,108,Getafe,108,108
109,Evan,Spiaggia,Yemen,109,Girona,109,109
110,Cecilia,Nadin,Portugal,110,Real Madrid,110,110
111,Lilah,Baselli,Sweden,111,Real Madrid,111,111
112,Robinson,Eastam,China,112,Rayo Vallecano,112,112
113,Lotti,Pavlata,Croatia,113,Rayo Vallecano,113,113
114,Nicolis,Dowdney,France,114,Osasuna,114,114
115,Nicky,Dillamore,Japan,115,Mallorca,115,115
116,Chuck,Eggerton,Honduras,116,Girona,116,116
117,Carmela,McGaugey,Indonesia,117,Elche,117,117
118,Susann,Grzeszczyk,Indonesia,118,Athletic Club,118,118
119,Scarlet,Pettie,Brazil,119,Athletic Club,119,119
120,Maddalena,Moses,Indonesia,120,Real Madrid,120,120
121,Tully,Nuemann,Serbia,121,Cádiz,121,121
122,Gaby,Habens,Argentina,122,Girona,122,122
123,Findley,Maloney,Russia,123,Almería,123,123
124,Barrie,Janicki,Latvia,124,Real Valladolid,124,124
125,Camila,Targetter,Argentina,125,Almería,125,125
126,Caterina,Shillabeare,Syria,126,Osasuna,126,126
127,Gilly,Roddie,China,127,Valencia CF,127,127
128,Murial,Berceros,Spain,128,Atlético de Madrid,128,128
129,Alejandro,MacCarter,Philippines,129,Celta de Vigo,129,129
130,Cyrillus,Schall,Canada,130,Barcelona,130,130
131,Haroun,Delacote,China,131,Real Valladolid,131,131
132,Wandie,Wragg,China,132,Cádiz,132,132
133,Sawyere,Lukacs,China,133,Elche,133,133
134,Minda,Mulleary,Thailand,134,Athletic Club,134,134
135,Callie,Creek,Zambia,135,Girona,135,135
136,Jaclin,Leake,Indonesia,136,Real Betis,136,136
137,Emery,Wannell,China,137,Barcelona,137,137
138,Oriana,Rojel,Indonesia,138,Real Valladolid,138,138
139,Phylys,Skough,Indonesia,139,Celta de Vigo,139,139
140,Meredith,Murgatroyd,Sweden,140,Atlético de Madrid,140,140
141,Felicia,Knutsen,Japan,141,Rayo Vallecano,141,141
142,Stanislaus,Attwooll,China,142,Atlético de Madrid,142,142
143,Bari,Messham,Indonesia,143,Athletic Club,143,143
144,Cinderella,Zmitruk,Argentina,144,Getafe,144,144
145,Hershel,Mughal,Sweden,145,Rayo Vallecano,145,145
146,Zahara,Motten,Colombia,146,Real Betis,146,146
147,Skelly,Longfield,Vietnam,147,Villarreal,147,147
148,Maribel,Cowlam,Japan,148,Sevilla,148,148
149,Rhea,Duffyn,Finland,149,Mallorca,149,149
150,Elyse,Lempel,Philippines,150,Real Betis,150,150
151,Allen,Greep,China,151,Cádiz,151,151
152,Art,Zellner,Philippines,152,Cádiz,152,152
153,Barr,Edel,China,153,Athletic Club,153,153
154,Hunfredo,Wrassell,France,154,Real Sociedad,154,154
155,Rosita,Clausson,China,155,Almería,155,155
156,Sara,Cheyne,Czech Republic,156,Real Madrid,156,156
157,Ranice,Robert,Greece,157,Valencia CF,157,157
158,Corella,Tschirasche,Pakistan,158,Girona,158,158
159,Brooke,Bartholin,Yemen,159,Cádiz,159,159
160,Ivett,Coniam,China,160,Valencia CF,160,160
161,Rosalinde,Methuen,China,161,Real Betis,161,161
162,Ki,Magowan,Russia,162,Sevilla,162,162
163,Maurizia,De Bernardi,Tanzania,163,Getafe,163,163
164,Janka,Jendrusch,Russia,164,Almería,164,164
165,Caterina,Kosiada,Mexico,165,Almería,165,165
166,Ingeborg,Fincken,Russia,166,Cádiz,166,166
167,Hinda,Saulter,Norway,167,Mallorca,167,167
168,Dunstan,Langdale,Philippines,168,Girona,168,168
169,Sheila,Cromley,Indonesia,169,Real Sociedad,169,169
170,Deva,Metcalf,Vanuatu,170,Osasuna,170,170
171,Lonnie,Giacopazzi,Russia,171,Valencia CF,171,171
172,Zora,Minogue,Indonesia,172,Osasuna,172,172
173,Curcio,Heads,Sweden,173,Getafe,173,173
174,Germaine,Aizik,Russia,174,Almería,174,174
175,Genni,Imlock,Lithuania,175,Elche,175,175
176,Harold,Southan,Bahrain,176,Girona,176,176
177,Clarissa,Prayer,Thailand,177,Espanyol,177,177
178,Farr,Matisoff,Sweden,178,Villarreal,178,178
179,Francois,Innman,Philippines,179,Athletic Club,179,179
180,Sissie,Kirkwood,France,180,Sevilla,180,180
181,Dasha,Creebo,Malaysia,181,Villarreal,181,181
182,Dolores,Betjeman,Poland,182,Real Sociedad,182,182
183,Gustavus,Greenstead,Greece,183,Osasuna,183,183
184,Roldan,Hayworth,Portugal,184,Elche,184,184
185,Rosmunda,Buddle,Portugal,185,Osasuna,185,185
186,Iris,Skeene,Portugal,186,Atlético de Madrid,186,186
187,Nikkie,Kitchener,Paraguay,187,Cádiz,187,187
188,Stefa,Crossgrove,Sweden,188,Osasuna,188,188
189,Nerte,Shulem,Peru,189,Celta de Vigo,189,189
190,Anitra,Wheatman,Greece,190,Cádiz,190,190
191,Andreana,Carrabott,Portugal,191,Real Valladolid,191,191
192,Jemmy,MacQueen,China,192,Real Valladolid,192,192
193,Christan,McGlaud,Bulgaria,193,Real Sociedad,193,193
194,Denyse,Meany,Portugal,194,Girona,194,194
195,Isidoro,Shew,Indonesia,195,Almería,195,195
196,Lacy,Minichillo,Peru,196,Barcelona,196,196
197,Tomlin,Nekrews,Saint Kitts and Nevis,197,Athletic Club,197,197
198,Germana,Selman,Portugal,198,Girona,198,198
199,Tades,Frotton,Zimbabwe,199,Rayo Vallecano,199,199
200,Skipp,Belhomme,Indonesia,200,Real Betis,200,200
201,Cointon,Fagge,Indonesia,201,Villarreal,201,201
202,Pansy,Ashfold,Belarus,202,Girona,202,202
203,Tybi,Seaborne,Croatia,203,Almería,203,203
204,Caresse,Cantrill,France,204,Celta de Vigo,204,204
205,Yance,Rivelon,Russia,205,Real Madrid,205,205
206,Edgardo,Leroux,Brazil,206,Getafe,206,206
207,Zollie,Dobinson,China,207,Elche,207,207
208,Meryl,Paal,Thailand,208,Almería,208,208
209,Emelyne,Dominguez,Finland,209,Real Betis,209,209
210,Marjory,Mowne,Vietnam,210,Villarreal,210,210
211,Juliane,Belin,Russia,211,Osasuna,211,211
212,Basile,Harbor,United Kingdom,212,Espanyol,212,212
213,Tybi,Nevin,Indonesia,213,Villarreal,213,213
214,Frederik,Cudbertson,Canada,214,Real Betis,214,214
215,Andrey,Brimble,Colombia,215,Atlético de Madrid,215,215
216,Coleen,Gyorgy,Indonesia,216,Atlético de Madrid,216,216
217,Sanford,Giovannacci,Thailand,217,Athletic Club,217,217
218,Stirling,Catto,Indonesia,218,Real Betis,218,218
219,Rad,Whiteson,Ireland,219,Real Madrid,219,219
220,Marcy,Richards,Indonesia,220,Valencia CF,220,220
221,Oswell,Scoates,Argentina,221,Atlético de Madrid,221,221
222,Gweneth,Maffucci,Brazil,222,Real Valladolid,222,222
223,Stanleigh,Dowty,China,223,Sevilla,223,223
224,Gabriellia,Rihosek,Canada,224,Athletic Club,224,224
225,Colman,Falkner,China,225,Espanyol,225,225
226,Francisco,Rozsa,Brazil,226,Espanyol,226,226
227,Nevil,Hindmore,Indonesia,227,Real Madrid,227,227
228,Shellysheldon,McGenn,Greece,228,Barcelona,228,228
229,Stephannie,Jenton,Portugal,229,Cádiz,229,229
230,Carlina,Halsey,Colombia,230,Getafe,230,230
231,Codee,Jozwicki,Japan,231,Sevilla,231,231
232,Ruggiero,Kulvear,Poland,232,Osasuna,232,232
233,Gertie,Camocke,United States,233,Atlético de Madrid,233,233
234,Flossi,Place,Philippines,234,Real Betis,234,234
235,Gloria,Canwell,Peru,235,Osasuna,235,235
236,Raynor,Sangwine,Brazil,236,Sevilla,236,236
237,Lynea,McGinly,Greece,237,Real Madrid,237,237
238,Abey,Parkyns,Czech Republic,238,Almería,238,238
239,Bond,Carrick,Brazil,239,Celta de Vigo,239,239
240,Marketa,Battin,Portugal,240,Real Madrid,240,240
241,Mirella,Killough,Colombia,241,Athletic Club,241,241
242,Karel,Tipling,Syria,242,Athletic Club,242,242
243,Alysia,Foston,China,243,Cádiz,243,243
244,Gabriele,Durrand,United States,244,Rayo Vallecano,244,244
245,Melloney,Ready,Netherlands,245,Real Sociedad,245,245
246,Dru,Harman,Guinea-Bissau,246,Barcelona,246,246
247,Adriena,Humphrys,Russia,247,Real Madrid,247,247
248,Judye,Lightbown,Turkmenistan,248,Rayo Vallecano,248,248
249,Stinky,Summerill,Portugal,249,Celta de Vigo,249,249
250,Hedvig,Abram,Philippines,250,Sevilla,250,250
251,Che,Grigorushkin,South Africa,251,Almería,251,251
252,Robin,Dudny,Brazil,252,Elche,252,252
253,Ulberto,Beevor,China,253,Cádiz,253,253
254,Fancy,Blasio,Indonesia,254,Espanyol,254,254
255,Gage,Lissenden,Thailand,255,Real Betis,255,255
256,Yorgo,Jefferies,Yemen,256,Mallorca,256,256
257,Toby,Cornhill,Indonesia,257,Valencia CF,257,257
258,Sidney,Dawtrey,Canada,258,Celta de Vigo,258,258
259,Ranique,Rolling,Poland,259,Getafe,259,259
260,Doro,Kiljan,China,260,Cádiz,260,260
261,Archy,Challicum,Honduras,261,Real Sociedad,261,261
262,Angie,Tome,Japan,262,Rayo Vallecano,262,262
263,Herb,Head,Ukraine,263,Mallorca,263,263
264,Arabele,Weale,Pakistan,264,Getafe,264,264
265,Ignazio,Laurisch,Czech Republic,265,Sevilla,265,265
266,Ginger,Broker,Russia,266,Osasuna,266,266
267,Aurea,Clapison,Canada,267,Cádiz,267,267
268,Trisha,Maylott,Guyana,268,Almería,268,268
269,Lucita,Lillecrap,Greece,269,Espanyol,269,269
270,Padriac,Archley,Central African Republic,270,Girona,270,270
271,Lyndel,Maharey,China,271,Villarreal,271,271
272,Adina,Poundford,Russia,272,Cádiz,272,272
273,Atalanta,Bonifazio,Ireland,273,Almería,273,273
274,Fiona,Booton,Greece,274,Barcelona,274,274
275,Konrad,Ledgerton,Macedonia,275,Espanyol,275,275
276,Rodolfo,Savage,Russia,276,Almería,276,276
277,Sheena,Saladin,Peru,277,Getafe,277,277
278,Selena,Sturmey,Brazil,278,Barcelona,278,278
279,Hynda,Oakwell,Madagascar,279,Valencia CF,279,279
280,Kenyon,Tappin,Netherlands,280,Getafe,280,280
281,Lina,Cruse,Bulgaria,281,Almería,281,281
282,Dione,Burkart,Sudan,282,Getafe,282,282
283,Jamima,Gerardot,Indonesia,283,Celta de Vigo,283,283
284,Jock,Sexty,Thailand,284,Real Madrid,284,284
285,Nicki,Sugden,Russia,285,Real Sociedad,285,285
286,Eloisa,Jinda,Malaysia,286,Sevilla,286,286
287,Hayward,Sailor,Honduras,287,Espanyol,287,287
288,Bart,Renbold,United Kingdom,288,Espanyol,288,288
289,Isaak,Leebetter,Mexico,289,Real Madrid,289,289
290,Marris,Rozanski,Poland,290,Real Sociedad,290,290
291,Isidora,Boullen,China,291,Girona,291,291
292,Kim,Mc Dermid,Denmark,292,Atlético de Madrid,292,292
293,Prudence,Beilby,Peru,293,Sevilla,293,293
294,Shepard,Denness,Portugal,294,Girona,294,294
295,Meta,Feria,Sweden,295,Athletic Club,295,295
296,Samuele,Conachie,Colombia,296,Villarreal,296,296
297,Ban,Schelle,Poland,297,Atlético de Madrid,297,297
298,Peder,Webberley,Portugal,298,Girona,298,298
299,Chickie,Scadding,Peru,299,Elche,299,299
300,Joni,Quartermaine,Portugal,300,Mallorca,300,300
301,Penelopa,Wiggett,Mexico,301,Almería,301,301
302,Dottie,Merwe,Japan,302,Real Madrid,302,302
303,Stoddard,Stoving,Czech Republic,303,Elche,303,303
304,Claudina,Plows,Brazil,304,Valencia CF,304,304
305,Melinde,Pheby,Indonesia,305,Barcelona,305,305
306,Gianna,Porteous,United States,306,Mallorca,306,306
307,Marna,Spriddle,Poland,307,Barcelona,307,307
308,Jamison,Ferrarini,Portugal,308,Rayo Vallecano,308,308
309,Pasquale,Peckett,Brazil,309,Villarreal,309,309
310,Bertie,Bacchus,Malaysia,310,Espanyol,310,310
311,Michele,Chaddock,Colombia,311,Real Sociedad,311,311
312,Sonya,Parkey,Venezuela,312,Sevilla,312,312
313,Bevvy,Remmers,Indonesia,313,Elche,313,313
314,Tyler,Yoxen,Sweden,314,Girona,314,314
315,Reiko,Sinden,Portugal,315,Valencia CF,315,315
316,Puff,Dommett,Greece,316,Valencia CF,316,316
317,Johnathan,Risom,China,317,Getafe,317,317
318,Banky,Gagen,Russia,318,Almería,318,318
319,Cornell,Bullen,Australia,319,Girona,319,319
320,Trixi,Estevez,Indonesia,320,Espanyol,320,320
321,Glennis,Bessell,Brazil,321,Real Valladolid,321,321
322,Claudio,Prott,China,322,Girona,322,322
323,Martguerita,MacGillicuddy,Nigeria,323,Barcelona,323,323
324,Angelina,De Pero,Colombia,324,Real Betis,324,324
325,Lennie,Sansom,Greece,325,Real Sociedad,325,325
326,Lettie,Rattray,Israel,326,Almería,326,326
327,Monika,Gonzalo,Sweden,327,Rayo Vallecano,327,327
328,Buckie,McOwen,Japan,328,Girona,328,328
329,Keven,O'Brallaghan,South Africa,329,Valencia CF,329,329
330,Jesselyn,Hriinchenko,Bulgaria,330,Espanyol,330,330
331,Ezekiel,Dutton,China,331,Cádiz,331,331
332,Crista,Kears,Albania,332,Valencia CF,332,332
333,Burt,Halgarth,Japan,333,Real Sociedad,333,333
334,Libby,Zorn,United States,334,Real Betis,334,334
335,Justus,MacKilroe,Sweden,335,Sevilla,335,335
336,Fernandina,Jesson,Yemen,336,Getafe,336,336
337,Helenka,Gravey,Indonesia,337,Atlético de Madrid,337,337
338,Randie,Rentalll,Malaysia,338,Real Betis,338,338
339,Bing,Gresswell,Morocco,339,Barcelona,339,339
340,Aridatha,Grishukov,South Africa,340,Villarreal,340,340
341,Olympia,Langlands,Peru,341,Cádiz,341,341
342,Obie,Blum,Chile,342,Mallorca,342,342
343,Gunar,Tame,Hungary,343,Villarreal,343,343
344,Tiffanie,Eliez,Malaysia,344,Barcelona,344,344
345,Todd,Mc Carroll,China,345,Almería,345,345
346,Jarrett,Stooders,Papua New Guinea,346,Elche,346,346
347,Nehemiah,MacNeilly,Spain,347,Real Madrid,347,347
348,Patrice,Cogman,Philippines,348,Elche,348,348
349,Dulciana,Myott,Poland,349,Real Betis,349,349
350,Madalyn,Wollers,Poland,350,Osasuna,350,350
351,Hilarius,Stidston,Poland,351,Real Madrid,351,351
352,Mickie,Brisland,Greece,352,Real Sociedad,352,352
353,Thorn,Rodolfi,United States,353,Valencia CF,353,353
354,Eustace,Mapstone,Indonesia,354,Real Valladolid,354,354
355,Willie,Nettle,Niger,355,Sevilla,355,355
356,Holly-anne,Stileman,Egypt,356,Villarreal,356,356
357,Leigh,MacCall,Argentina,357,Espanyol,357,357
358,Inglis,Fawlo,Vietnam,358,Mallorca,358,358
359,Caralie,Gadsby,Philippines,359,Almería,359,359
360,Jordana,Mattin,Laos,360,Villarreal,360,360
361,Rouvin,Bree,United States,361,Almería,361,361
362,Seline,Regi,Germany,362,Real Valladolid,362,362
363,Isidoro,Dedrick,Macedonia,363,Rayo Vallecano,363,363
364,Alexi,Redmire,Russia,364,Celta de Vigo,364,364
365,Allyce,O'Shesnan,Czech Republic,365,Cádiz,365,365
366,Greggory,Fredi,China,366,Atlético de Madrid,366,366
367,Tom,Lambshine,Yemen,367,Barcelona,367,367
368,Lilla,Gomer,Ireland,368,Valencia CF,368,368
369,Gottfried,Courtonne,China,369,Sevilla,369,369
370,Vina,Melloy,Indonesia,370,Espanyol,370,370
371,Dusty,Bendel,Italy,371,Valencia CF,371,371
372,Jamima,Ludmann,Dominican Republic,372,Cádiz,372,372
373,Meier,Penwell,Yemen,373,Elche,373,373
374,Heriberto,Ciccotto,Morocco,374,Cádiz,374,374
375,Jan,Quayle,Brazil,375,Barcelona,375,375
376,Brittany,Lashmore,Finland,376,Girona,376,376
377,Flori,Jadczak,Norway,377,Villarreal,377,377
378,Dorris,Zmitruk,Macedonia,378,Rayo Vallecano,378,378
379,Riane,Harness,Nepal,379,Sevilla,379,379
380,Karia,Levy,China,380,Real Valladolid,380,380
381,Annmarie,Panniers,South Korea,381,Real Madrid,381,381
382,Dyan,Goodliff,Nigeria,382,Athletic Club,382,382
383,Regan,McCrisken,Japan,383,Osasuna,383,383
384,Sergio,Machent,China,384,Real Valladolid,384,384
385,Wynne,Chettle,Czech Republic,385,Cádiz,385,385
386,Adrian,O'Fallone,China,386,Real Sociedad,386,386
387,Pete,Buddell,Costa Rica,387,Valencia CF,387,387
388,Krisha,Bahls,China,388,Cádiz,388,388
389,Marsha,Eley,Syria,389,Real Madrid,389,389
390,Cassandry,Gravenor,China,390,Espanyol,390,390
391,Malissa,Loren,Armenia,391,Villarreal,391,391
392,Lanni,Bremmer,Ethiopia,392,Real Sociedad,392,392
393,Madlin,Russon,Indonesia,393,Sevilla,393,393
394,Merrielle,Maylard,Indonesia,394,Atlético de Madrid,394,394
395,Krystal,Swyndley,Macedonia,395,Sevilla,395,395
396,Mariele,Ellum,Indonesia,396,Girona,396,396
397,Franz,Thornthwaite,Poland,397,Atlético de Madrid,397,397
398,Kassandra,Maneylaws,French Southern Territories,398,Osasuna,398,398
399,Leland,Jarred,Colombia,399,Celta de Vigo,399,399
400,Roxy,Gopsall,Indonesia,400,Almería,400,400
401,Maren,Dovidaitis,France,401,Sevilla,401,401
402,Kristy,O'Keefe,Serbia,402,Espanyol,402,402
403,Rochell,Harlow,Thailand,403,Cádiz,403,403
404,Powell,Hullot,Indonesia,404,Villarreal,404,404
405,Zsa zsa,Murfett,Gambia,405,Girona,405,405
406,Ivett,Castagne,Russia,406,Rayo Vallecano,406,406
407,Rosaleen,Gorringe,Czech Republic,407,Real Valladolid,407,407
408,Jaynell,Trevaskus,France,408,Real Betis,408,408
409,Nanine,Dunlop,Indonesia,409,Mallorca,409,409
410,Barbabas,Sultana,Peru,410,Rayo Vallecano,410,410
411,Tito,Sambles,Greece,411,Real Valladolid,411,411
412,Gerhard,McCauley,Russia,412,Real Valladolid,412,412
413,Jarrod,Braidon,Nepal,413,Real Sociedad,413,413
414,Barb,Lade,Yemen,414,Real Betis,414,414
415,Kienan,Jelfs,China,415,Celta de Vigo,415,415
416,Hashim,Duffett,China,416,Osasuna,416,416
417,Christoph,Plomer,Morocco,417,Almería,417,417
418,Osbert,Rieflin,Thailand,418,Cádiz,418,418
419,Britte,Beeke,China,419,Mallorca,419,419
420,Berkley,Vaneev,Sweden,420,Villarreal,420,420
421,Bobbie,Lowery,Czech Republic,421,Mallorca,421,421
422,Harmon,Cavey,Dominican Republic,422,Cádiz,422,422
423,Randy,Empson,Argentina,423,Elche,423,423
424,Mary,Bogeys,Sweden,424,Real Valladolid,424,424
425,Renato,Learoyde,Peru,425,Almería,425,425
426,Jessa,Ellsom,Russia,426,Valencia CF,426,426
427,Adlai,Spick,Democratic Republic of the Congo,427,Elche,427,427
428,Julie,Scoterbosh,Colombia,428,Osasuna,428,428
429,Basilius,Claricoats,China,429,Mallorca,429,429
430,Dieter,Grece,Portugal,430,Elche,430,430
431,Gunther,Umfrey,China,431,Athletic Club,431,431
432,Darnell,Cronin,Saudi Arabia,432,Atlético de Madrid,432,432
433,Alejandro,McGreal,Philippines,433,Osasuna,433,433
434,Layney,Labden,Indonesia,434,Elche,434,434
435,Rudolph,Khotler,China,435,Osasuna,435,435
436,Vannie,Bigglestone,Brazil,436,Valencia CF,436,436
437,Shea,Poate,Mongolia,437,Barcelona,437,437
438,Carrie,Tunnah,France,438,Real Valladolid,438,438
439,Beale,Exrol,Indonesia,439,Real Madrid,439,439
440,Batsheva,Anthony,China,440,Real Betis,440,440
441,Randie,Priver,Czech Republic,441,Sevilla,441,441
442,Rita,Llop,China,442,Villarreal,442,442
443,Albert,Sapauton,South Africa,443,Getafe,443,443
444,Gladys,Jury,China,444,Elche,444,444
445,Shauna,Summerton,Ukraine,445,Cádiz,445,445
446,Jdavie,Patrick,Colombia,446,Sevilla,446,446
447,Olwen,Staden,Philippines,447,Real Valladolid,447,447
448,Flory,Simioli,Tanzania,448,Real Betis,448,448
449,Ginevra,Hanhard,Madagascar,449,Celta de Vigo,449,449
450,Annamarie,Wabb,Portugal,450,Espanyol,450,450
451,Arabella,Cheer,Cuba,451,Espanyol,451,451
452,Bonny,Snaden,France,452,Mallorca,452,452
453,Lorine,Bright,Indonesia,453,Real Valladolid,453,453
454,Christos,Ratt,Philippines,454,Real Betis,454,454
455,Calypso,Kasparski,China,455,Real Valladolid,455,455
456,Burg,Pady,Kosovo,456,Athletic Club,456,456
457,Orlan,Davys,Armenia,457,Getafe,457,457
458,Gavra,Bautiste,Kazakhstan,458,Barcelona,458,458
459,Cecilio,Taplow,Sierra Leone,459,Mallorca,459,459
460,Barnard,Kingsly,Venezuela,460,Atlético de Madrid,460,460
461,Halie,Malins,Mozambique,461,Athletic Club,461,461
462,Yuma,Coleborn,Jamaica,462,Real Valladolid,462,462
463,Antonia,Brockley,Slovenia,463,Real Madrid,463,463
464,Betteanne,Mordaunt,Azerbaijan,464,Almería,464,464
465,Abelard,Pavis,Nepal,465,Girona,465,465
466,Dominique,Mazzei,Indonesia,466,Barcelona,466,466
467,Corinna,Brearton,United States,467,Cádiz,467,467
468,Chadd,Westhofer,Mauritius,468,Celta de Vigo,468,468
469,Kaja,Krates,China,469,Cádiz,469,469
470,Zachariah,Broschke,Armenia,470,Valencia CF,470,470
471,Cornie,Corsan,Indonesia,471,Sevilla,471,471
472,Adlai,Petre,Togo,472,Getafe,472,472
473,Lexis,Ropartz,Sweden,473,Celta de Vigo,473,473
474,Tiffie,Batisse,United States,474,Espanyol,474,474
475,Hugo,Mallon,Pakistan,475,Rayo Vallecano,475,475
476,Garreth,Nabbs,China,476,Villarreal,476,476
477,Krystal,Tett,China,477,Elche,477,477
478,Elroy,Liptrod,Guatemala,478,Elche,478,478
479,Lane,Vousden,Sweden,479,Real Betis,479,479
480,Cary,Tocknell,Ukraine,480,Atlético de Madrid,480,480
481,Dominga,Guppey,Pakistan,481,Villarreal,481,481
482,Reed,Strowan,United Arab Emirates,482,Villarreal,482,482
483,Elizabet,Maymand,China,483,Girona,483,483
484,Odell,Mashal,Peru,484,Valencia CF,484,484
485,Casie,Ranns,Russia,485,Almería,485,485
486,Antonietta,Arington,Philippines,486,Getafe,486,486
487,Sam,Lomb,Tanzania,487,Atlético de Madrid,487,487
488,Alyss,Pierrepoint,Nicaragua,488,Barcelona,488,488
489,Davon,Denniston,Russia,489,Real Sociedad,489,489
490,Rosabelle,Strothers,Indonesia,490,Espanyol,490,490
491,Gerrie,Cicchillo,Brazil,491,Mallorca,491,491
492,Lizzy,Jamieson,Belarus,492,Espanyol,492,492
493,Silvie,Daymond,China,493,Sevilla,493,493
494,Darlleen,Flori,Saint Kitts and Nevis,494,Real Valladolid,494,494
495,Reube,Hause,Philippines,495,Sevilla,495,495
496,Alissa,Matis,Mali,496,Real Sociedad,496,496
497,Brice,Ebbetts,Uganda,497,Cádiz,497,497
498,Marylin,Ealam,Portugal,498,Real Betis,498,498
499,Lauri,Crosen,Japan,499,Atlético de Madrid,499,499
500,Joline,Lead,Indonesia,500,Real Valladolid,500,500
501,Tracey,Lear,China,501,Sevilla,501,501
502,Michael,Oakden,China,502,Real Valladolid,502,502
503,Verne,Haker,Ukraine,503,Getafe,503,503
504,Anitra,Barford,United States,504,Getafe,504,504
505,Brock,Abelevitz,China,505,Real Sociedad,505,505
506,Selena,Larwell,Philippines,506,Cádiz,506,506
507,Carilyn,Climar,Ecuador,507,Barcelona,507,507
508,Geralda,Ert,United States,508,Atlético de Madrid,508,508
509,Gerhardt,Burdoun,Russia,509,Real Madrid,509,509
510,Lavina,Harrington,United States,510,Athletic Club,510,510
511,Agnella,Timmermann,Czech Republic,511,Real Madrid,511,511
512,Barty,Crompton,China,512,Rayo Vallecano,512,512
513,Konstantine,Mc Caghan,Indonesia,513,Osasuna,513,513
514,Deane,Filchagin,China,514,Atlético de Madrid,514,514
515,Lucita,Haucke,China,515,Barcelona,515,515
516,Elisabetta,Magauran,Philippines,516,Villarreal,516,516
517,Clementia,Shakeshaft,China,517,Espanyol,517,517
518,Gabie,Sustins,South Korea,518,Cádiz,518,518
519,Bary,Matthewes,Poland,519,Mallorca,519,519
520,Geralda,Suthworth,China,520,Barcelona,520,520
521,Laura,Hankins,Sweden,521,Valencia CF,521,521
522,Noll,Pettendrich,Mexico,522,Villarreal,522,522
523,Gary,Weblin,Madagascar,523,Espanyol,523,523
524,Jordan,Dearlove,United States,524,Valencia CF,524,524
525,Dayna,Kiddye,Russia,525,Real Betis,525,525
526,Cobby,Weson,Ukraine,526,Mallorca,526,526
527,Levin,Mucillo,Russia,527,Valencia CF,527,527
528,Lin,Pulman,France,528,Real Valladolid,528,528
529,Em,Bowman,Indonesia,529,Osasuna,529,529
530,Hugues,Mallinder,Indonesia,530,Real Sociedad,530,530
531,Lorrie,Mounsey,Indonesia,531,Athletic Club,531,531
532,Odessa,Kayzer,Indonesia,532,Real Betis,532,532
533,Kaia,Emanulsson,Indonesia,533,Sevilla,533,533
534,Anny,Andriesse,Honduras,534,Athletic Club,534,534
535,Jeanelle,Muscat,Kazakhstan,535,Almería,535,535
536,Salem,Pile,Indonesia,536,Getafe,536,536
537,Alberta,Crum,Brazil,537,Villarreal,537,537
538,Lorenzo,Kurt,Maldives,538,Barcelona,538,538
539,Karina,Fust,China,539,Cádiz,539,539
540,Maye,Shingles,China,540,Rayo Vallecano,540,540
541,Pieter,Forsaith,Costa Rica,541,Real Betis,541,541
542,Sanford,Choat,Japan,542,Barcelona,542,542
543,Norean,Grimes,Poland,543,Athletic Club,543,543
544,Heather,Lanbertoni,Russia,544,Atlético de Madrid,544,544
545,Rollins,Haig,Russia,545,Valencia CF,545,545
546,Kally,Jenny,Czech Republic,546,Real Madrid,546,546
547,Jeannine,Bagge,Indonesia,547,Sevilla,547,547
548,Steffie,Adan,Vietnam,548,Girona,548,548
549,Andrea,Perotti,Russia,549,Valencia CF,549,549
550,Richardo,Mallett,Russia,550,Osasuna,550,550
551,Ringo,Hugill,Indonesia,551,Sevilla,551,551
552,Vevay,Siggs,South Korea,552,Barcelona,552,552
553,Javier,Widmore,China,553,Elche,553,553
554,Myrvyn,Butler-Bowdon,Zimbabwe,554,Almería,554,554
555,Jessi,Klimowicz,Finland,555,Real Sociedad,555,555
556,Read,Rosellini,Honduras,556,Athletic Club,556,556
557,Fedora,Newband,Bolivia,557,Girona,557,557
558,Papagena,Niemiec,Indonesia,558,Espanyol,558,558
559,Phylys,Biskupski,Philippines,559,Cádiz,559,559
560,Aldis,Messenbird,China,560,Elche,560,560
561,Ramsay,Bratchell,Sweden,561,Cádiz,561,561
562,Flore,St Angel,Hong Kong,562,Mallorca,562,562
563,Myrtle,Le Gallo,Canada,563,Osasuna,563,563
564,Agathe,Maccaddie,Portugal,564,Girona,564,564
565,Sterne,Lagen,France,565,Almería,565,565
566,Nickey,Laundon,Croatia,566,Espanyol,566,566
567,Mathe,Masson,Argentina,567,Athletic Club,567,567
568,Alfredo,Tomczykiewicz,Morocco,568,Villarreal,568,568
569,Bax,Gossart,China,569,Getafe,569,569
570,Helaina,McAneny,Indonesia,570,Atlético de Madrid,570,570
571,Joelly,Hyndson,China,571,Getafe,571,571
572,Dalenna,Egginton,Cameroon,572,Barcelona,572,572
573,Karrah,Fereday,Pakistan,573,Atlético de Madrid,573,573
574,Josy,Mainson,Nigeria,574,Cádiz,574,574
575,Richy,Angrock,Canada,575,Real Valladolid,575,575
576,Lenora,Rushbrooke,Pakistan,576,Valencia CF,576,576
577,Arleta,Mitchelmore,Finland,577,Almería,577,577
578,Myron,Jirak,Poland,578,Barcelona,578,578
579,Stefanie,Annett,Czech Republic,579,Valencia CF,579,579
580,Dyann,Crane,Poland,580,Girona,580,580
581,Kyle,Millican,Philippines,581,Atlético de Madrid,581,581
582,Pearce,Catterill,Greece,582,Celta de Vigo,582,582
583,Anneliese,Riall,China,583,Villarreal,583,583
584,Thadeus,Fiddyment,Uruguay,584,Barcelona,584,584
585,Everett,Manilow,China,585,Barcelona,585,585
586,Joly,Howland,Russia,586,Celta de Vigo,586,586
587,Isabelita,Sproule,Indonesia,587,Real Sociedad,587,587
588,Kerby,Bowbrick,Chile,588,Getafe,588,588
589,Jarred,Fripps,China,589,Mallorca,589,589
590,Janine,Dubique,Colombia,590,Espanyol,590,590
591,Veronike,MacQuarrie,Vietnam,591,Villarreal,591,591
592,Nomi,De Angelo,Slovenia,592,Real Madrid,592,592
593,Madelle,Thickett,Maldives,593,Mallorca,593,593
594,Lib,Cobbled,Sweden,594,Girona,594,594
595,Kendrick,Matis,Russia,595,Real Valladolid,595,595
596,Chen,Ellcock,China,596,Sevilla,596,596
597,Farr,Crosher,Vietnam,597,Getafe,597,597
598,Barny,Dorie,Indonesia,598,Celta de Vigo,598,598
599,Bastian,Leatt,Philippines,599,Girona,599,599
600,Saraann,Assinder,China,600,Cádiz,600,600
601,Coraline,Bench,Indonesia,601,Getafe,601,601
602,Margeaux,Gerg,Cuba,602,Athletic Club,602,602
603,Si,Pandie,Ireland,603,Celta de Vigo,603,603
604,Morna,Precious,Philippines,604,Girona,604,604
605,Glenda,Aldrich,Bulgaria,605,Atlético de Madrid,605,605
606,Ailbert,Phipard-Shears,Guatemala,606,Real Sociedad,606,606
607,Kit,Stratten,Turkey,607,Athletic Club,607,607
608,Cassondra,Kermon,China,608,Getafe,608,608
609,Sterling,Craney,Sweden,609,Cádiz,609,609
610,Jonah,Dugmore,Russia,610,Athletic Club,610,610
611,Solly,Lackie,Indonesia,611,Mallorca,611,611
612,Georgiana,Huller,Pakistan,612,Cádiz,612,612
613,Engracia,Hourihane,Russia,613,Real Betis,613,613
614,Giacobo,Lenthall,Indonesia,614,Getafe,614,614
615,Urbain,Danilov,Chile,615,Valencia CF,615,615
616,Nanete,Anthonies,Russia,616,Elche,616,616
617,Art,Peter,Canada,617,Osasuna,617,617
618,Rebeka,Yakunin,China,618,Rayo Vallecano,618,618
619,Gilburt,Burbage,Sri Lanka,619,Valencia CF,619,619
620,Shena,Perigeaux,Norway,620,Almería,620,620
621,Deanne,Brindle,France,621,Sevilla,621,621
622,Shannah,Naismith,Japan,622,Real Valladolid,622,622
623,Kerrill,Foulds,Indonesia,623,Valencia CF,623,623
624,Ursola,McGeoch,Philippines,624,Sevilla,624,624
625,Hollie,Pye,China,625,Elche,625,625
626,Donnamarie,Adamiak,Philippines,626,Elche,626,626
627,Burke,Boutflour,Philippines,627,Barcelona,627,627
628,Hamel,Pyzer,Poland,628,Valencia CF,628,628
629,Lauri,Goacher,China,629,Girona,629,629
630,Lief,Skipping,China,630,Elche,630,630
631,Caressa,Gwinnell,Brazil,631,Rayo Vallecano,631,631
632,Molli,Fleetham,Syria,632,Villarreal,632,632
633,Caye,Cumesky,Indonesia,633,Osasuna,633,633
634,Andrew,Twinborne,Colombia,634,Rayo Vallecano,634,634
635,Dorian,Sweeny,Portugal,635,Rayo Vallecano,635,635
636,Gracie,Wykes,Indonesia,636,Sevilla,636,636
637,Iormina,Korneichuk,Malawi,637,Getafe,637,637
638,Sibelle,Olivier,China,638,Rayo Vallecano,638,638
639,Noelle,Stowe,Belarus,639,Villarreal,639,639
640,Sheff,Van Haeften,China,640,Almería,640,640
641,Gabriel,Shilburne,China,641,Elche,641,641
642,Hildagarde,Aleswell,Indonesia,642,Celta de Vigo,642,642
643,Meredithe,Gurden,Iran,643,Barcelona,643,643
644,Vinita,Bartolomivis,New Zealand,644,Celta de Vigo,644,644
645,Elizabet,Follis,Czech Republic,645,Villarreal,645,645
646,Gabey,Marney,China,646,Athletic Club,646,646
647,Leonelle,Ambrosi,Portugal,647,Cádiz,647,647
648,Alastair,Sergeant,Luxembourg,648,Valencia CF,648,648
649,Estrella,Coupe,Ivory Coast,649,Valencia CF,649,649
650,Stanislaw,Raven,Dominican Republic,650,Rayo Vallecano,650,650
651,Even,Safe,Portugal,651,Cádiz,651,651
652,Ania,Overstreet,Mexico,652,Rayo Vallecano,652,652
653,Peter,Ginity,China,653,Sevilla,653,653
654,Connor,Paley,Japan,654,Athletic Club,654,654
655,Filberto,Hourican,Myanmar,655,Espanyol,655,655
656,Granthem,McCurt,Portugal,656,Rayo Vallecano,656,656
657,Gerrilee,Itzhayek,Indonesia,657,Sevilla,657,657
658,Arlen,Kenworthey,France,658,Getafe,658,658
659,Malachi,Kleint,Philippines,659,Espanyol,659,659
660,Ingram,Rubinsztein,Iran,660,Real Valladolid,660,660
661,Karia,Klimas,Indonesia,661,Real Sociedad,661,661
662,Aeriela,Stormouth,China,662,Getafe,662,662
663,Haywood,Room,Philippines,663,Villarreal,663,663
664,Scotty,Trynor,Indonesia,664,Elche,664,664
665,Matteo,Kopecka,Japan,665,Almería,665,665
666,Elfrida,Bigrigg,Philippines,666,Osasuna,666,666
667,Dunstan,Bangley,China,667,Celta de Vigo,667,667
668,Batsheva,Thackray,Argentina,668,Rayo Vallecano,668,668
669,Francisco,Stodhart,Colombia,669,Cádiz,669,669
670,Maressa,Leathes,China,670,Almería,670,670
671,Melantha,O'Scollee,Brazil,671,Celta de Vigo,671,671
672,Nancie,Brice,China,672,Almería,672,672
673,Debera,Ziebart,Japan,673,Almería,673,673
674,Abby,Heymann,China,674,Almería,674,674
675,Odetta,Losseljong,South Korea,675,Celta de Vigo,675,675
676,Angela,Meaden,Portugal,676,Elche,676,676
677,Renato,Naisey,France,677,Espanyol,677,677
678,Obed,Stair,China,678,Sevilla,678,678
679,Walden,Fiddiman,Indonesia,679,Osasuna,679,679
680,Clim,Kubec,China,680,Sevilla,680,680
681,Cicely,Iwaszkiewicz,Indonesia,681,Girona,681,681
682,Mommy,Castagne,Poland,682,Real Madrid,682,682
683,Theresita,Pennrington,China,683,Valencia CF,683,683
684,Hi,Blacklawe,Central African Republic,684,Cádiz,684,684
685,Michell,MacDermott,Bosnia and Herzegovina,685,Elche,685,685
686,Cally,Edmondson,China,686,Real Valladolid,686,686
687,Delcine,Heinrici,Poland,687,Espanyol,687,687
688,Ring,Dundendale,France,688,Athletic Club,688,688
689,Dorian,Simonou,Indonesia,689,Real Betis,689,689
690,Corrie,Starrs,China,690,Mallorca,690,690
691,Templeton,Summerbell,Czech Republic,691,Villarreal,691,691
692,Cosimo,Hanbridge,Libya,692,Atlético de Madrid,692,692
693,Charmane,OIlier,Indonesia,693,Sevilla,693,693
694,Elfrieda,Waberer,Russia,694,Real Betis,694,694
695,Neron,Davsley,Czech Republic,695,Mallorca,695,695
696,Jimmy,O' Mullane,Argentina,696,Rayo Vallecano,696,696
697,Bernhard,Heffron,Tunisia,697,Real Madrid,697,697
698,Devan,Haistwell,China,698,Athletic Club,698,698
699,Carla,Botting,China,699,Atlético de Madrid,699,699
700,Dalia,Chevins,Kosovo,700,Valencia CF,700,700
701,Gav,Gilbard,Russia,701,Valencia CF,701,701
702,Thorin,Ockenden,Cape Verde,702,Villarreal,702,702
703,Sloan,Headings,Poland,703,Real Betis,703,703
704,Benoite,Cana,Philippines,704,Celta de Vigo,704,704
705,Taryn,Minucci,Armenia,705,Girona,705,705
706,Thorin,Maryan,Indonesia,706,Elche,706,706
707,Freida,Derl,Bolivia,707,Real Sociedad,707,707
708,Tammara,Rodrigo,Thailand,708,Rayo Vallecano,708,708
709,Benetta,Torns,Russia,709,Valencia CF,709,709
710,Goddard,Rzehorz,Finland,710,Osasuna,710,710
711,Alyosha,Franz-Schoninger,China,711,Valencia CF,711,711
712,Melisande,Padbery,China,712,Valencia CF,712,712
713,Aidan,Caldecot,China,713,Osasuna,713,713
714,Florinda,Lauder,Indonesia,714,Real Madrid,714,714
715,Nickie,Battlestone,China,715,Getafe,715,715
716,Llywellyn,Keep,China,716,Rayo Vallecano,716,716
717,Ynes,Koppeck,Thailand,717,Espanyol,717,717
718,Othella,Quantrell,Indonesia,718,Real Betis,718,718
719,Allen,Akister,China,719,Real Betis,719,719
720,Alasteir,Climie,Brazil,720,Cádiz,720,720
721,Darell,Woffinden,Honduras,721,Osasuna,721,721
722,Jule,Moyce,China,722,Barcelona,722,722
723,Leonanie,Castellan,Gambia,723,Real Betis,723,723
724,Babita,Serrell,Nigeria,724,Villarreal,724,724
725,Margie,Noble,Portugal,725,Real Madrid,725,725
726,Suzie,Ridolfi,Mauritius,726,Cádiz,726,726
727,Anthea,Tabor,United States,727,Real Valladolid,727,727
728,Brear,Jancic,Canada,728,Mallorca,728,728
729,Cloe,Woodberry,United States,729,Real Betis,729,729
730,Teddie,Pilgrim,Slovenia,730,Rayo Vallecano,730,730
731,Rosalinde,Bradnam,Philippines,731,Real Valladolid,731,731
732,Erny,Kemwall,Tajikistan,732,Celta de Vigo,732,732
733,Yetty,Merrilees,Russia,733,Real Sociedad,733,733
734,Emanuel,Pashenkov,Uganda,734,Real Sociedad,734,734
735,Elbert,Lea,Cuba,735,Osasuna,735,735
736,Robbi,Cutler,Japan,736,Atlético de Madrid,736,736
737,Andrus,Wagstaffe,Kenya,737,Atlético de Madrid,737,737
738,Olly,Shute,Indonesia,738,Real Betis,738,738
739,Enriqueta,Kenaway,Russia,739,Barcelona,739,739
740,Nataline,Sandwick,Japan,740,Barcelona,740,740
741,Kaja,Woakes,Sweden,741,Mallorca,741,741
742,Anjela,Fumagall,Canada,742,Real Madrid,742,742
743,Cassy,Hestrop,Bosnia and Herzegovina,743,Real Madrid,743,743
744,Torey,O'Heaney,Czech Republic,744,Real Sociedad,744,744
745,Laverne,Macrow,Colombia,745,Real Madrid,745,745
746,Baillie,Cocozza,United States,746,Cádiz,746,746
747,Ruby,Wethers,Japan,747,Osasuna,747,747
748,Mariele,Kidwell,Philippines,748,Elche,748,748
749,Barbara-anne,Cussen,Brazil,749,Osasuna,749,749
750,Redd,Lapthorne,Portugal,750,Real Valladolid,750,750
751,Manda,Gunney,Mexico,751,Athletic Club,751,751
752,Torrie,Sarjent,Philippines,752,Elche,752,752
753,Burty,Lode,China,753,Celta de Vigo,753,753
754,Herta,Pearmine,Ukraine,754,Espanyol,754,754
755,Taddeusz,Worboys,Indonesia,755,Real Sociedad,755,755
756,Lisetta,Vigus,Portugal,756,Atlético de Madrid,756,756
757,Cleveland,Wysome,France,757,Espanyol,757,757
758,Jedd,Cratchley,China,758,Mallorca,758,758
759,Lorette,Springate,United States,759,Girona,759,759
760,Ginnifer,Culvey,Brazil,760,Athletic Club,760,760
761,Aile,Dewey,United States,761,Villarreal,761,761
762,Bird,Aslott,Philippines,762,Sevilla,762,762
763,Gunner,Garland,Philippines,763,Almería,763,763
764,Garald,Breitling,Democratic Republic of the Congo,764,Atlético de Madrid,764,764
765,Alyce,Tallant,Argentina,765,Celta de Vigo,765,765
766,Mackenzie,Wycliffe,Indonesia,766,Getafe,766,766
767,Noam,Litton,China,767,Villarreal,767,767
768,Lanie,Bailess,Central African Republic,768,Real Madrid,768,768
769,Carroll,Cowton,Indonesia,769,Cádiz,769,769
770,Marylinda,Axtonne,Palestinian Territory,770,Osasuna,770,770
771,Mellisent,Gethouse,Honduras,771,Espanyol,771,771
772,Ives,Magog,Libya,772,Barcelona,772,772
773,Ignacio,Vedikhov,Russia,773,Villarreal,773,773
774,Hilliary,Dalby,Finland,774,Rayo Vallecano,774,774
775,Norman,Picton,Myanmar,775,Celta de Vigo,775,775
776,Silas,Bartelot,Indonesia,776,Real Betis,776,776
777,Titus,Thickins,Paraguay,777,Atlético de Madrid,777,777
778,Pip,Jirousek,Sweden,778,Atlético de Madrid,778,778
779,Gino,Mattei,China,779,Osasuna,779,779
780,Pieter,Trowsdale,China,780,Espanyol,780,780
781,Orelie,Meale,Indonesia,781,Mallorca,781,781
782,Bernetta,Troughton,Estonia,782,Athletic Club,782,782
783,Sonnnie,Borthram,Argentina,783,Real Valladolid,783,783
784,Shanon,Tuckett,Peru,784,Getafe,784,784
785,Evyn,Wroughton,China,785,Real Sociedad,785,785
786,Mose,Dell,Poland,786,Barcelona,786,786
787,Donelle,Lightbody,Poland,787,Mallorca,787,787
788,Heather,Legonidec,Poland,788,Girona,788,788
789,Moselle,Blackwood,China,789,Real Valladolid,789,789
790,Samara,Vowdon,Japan,790,Barcelona,790,790
791,Edna,Groveham,Ethiopia,791,Valencia CF,791,791
792,Anderea,Sturte,Tanzania,792,Real Valladolid,792,792
793,Marv,Semor,France,793,Almería,793,793
794,Raynell,Morris,China,794,Girona,794,794
795,Hollis,Coogan,Palau,795,Almería,795,795
796,Gifford,McKimm,China,796,Mallorca,796,796
797,Emmit,Whaites,Greece,797,Elche,797,797
798,Hannis,Benedito,France,798,Espanyol,798,798
799,Gavra,Llewelly,China,799,Cádiz,799,799
800,Hakeem,Hasnip,Vietnam,800,Celta de Vigo,800,800
801,Carmella,Tythacott,France,801,Atlético de Madrid,801,801
802,Monique,Fillimore,Russia,802,Valencia CF,802,802
803,Pavla,Slowgrave,Indonesia,803,Valencia CF,803,803
804,Rollin,Van De Cappelle,Philippines,804,Celta de Vigo,804,804
805,Saundra,Nerger,Cameroon,805,Atlético de Madrid,805,805
806,Roddy,Dillimore,Macedonia,806,Osasuna,806,806
807,Janet,Jory,Colombia,807,Getafe,807,807
808,Jillian,Jillions,Indonesia,808,Girona,808,808
809,Laird,Beamiss,Indonesia,809,Almería,809,809
810,Davin,Ingamells,Uganda,810,Barcelona,810,810
811,Ricard,Bordiss,Philippines,811,Getafe,811,811
812,Carmelle,Flanner,Japan,812,Espanyol,812,812
813,Guenevere,O'Corhane,Malaysia,813,Mallorca,813,813
814,Diandra,Duesberry,Sweden,814,Getafe,814,814
815,Jonis,Guy,Sweden,815,Elche,815,815
816,Mellisa,Glowacz,Luxembourg,816,Elche,816,816
817,Tara,Miell,Uzbekistan,817,Sevilla,817,817
818,Malissa,Dreossi,Thailand,818,Osasuna,818,818
819,Madlen,Beldam,Russia,819,Sevilla,819,819
820,Peri,Grabiec,Thailand,820,Barcelona,820,820
821,Aigneis,Tanslie,Peru,821,Mallorca,821,821
822,Margette,Peddar,Tanzania,822,Atlético de Madrid,822,822
823,Giusto,Summerskill,United States,823,Atlético de Madrid,823,823
824,Muffin,Mortell,Poland,824,Barcelona,824,824
825,Mariska,Maund,Japan,825,Barcelona,825,825
826,Shelbi,Bendan,Indonesia,826,Celta de Vigo,826,826
827,Jeddy,Quemby,Philippines,827,Espanyol,827,827
828,Leupold,Brigman,China,828,Athletic Club,828,828
829,Milton,Tichelaar,China,829,Celta de Vigo,829,829
830,Cal,Lohoar,Afghanistan,830,Real Valladolid,830,830
831,Liva,McGlue,Croatia,831,Real Valladolid,831,831
832,Jamil,Ginsie,Philippines,832,Girona,832,832
833,Sherilyn,McGillivrie,China,833,Real Sociedad,833,833
834,Derek,Chell,Japan,834,Osasuna,834,834
835,Koenraad,Shoebrook,Colombia,835,Valencia CF,835,835
836,Timothee,Haggish,Philippines,836,Elche,836,836
837,Sander,Sabati,France,837,Getafe,837,837
838,Lindi,Lewnden,China,838,Rayo Vallecano,838,838
839,Bondie,Scutching,Russia,839,Getafe,839,839
840,Antonia,Vinecombe,Venezuela,840,Atlético de Madrid,840,840
841,Myrtia,Stallard,Kenya,841,Cádiz,841,841
842,Eimile,Smalls,Indonesia,842,Villarreal,842,842
843,Megen,Piddock,Brazil,843,Osasuna,843,843
844,Sal,Hurch,China,844,Real Valladolid,844,844
845,Steward,Kilborn,Syria,845,Barcelona,845,845
846,Auberon,Laidlow,Poland,846,Real Betis,846,846
847,Thornie,Hyman,Czech Republic,847,Real Sociedad,847,847
848,Ashlen,Doggerell,China,848,Real Sociedad,848,848
849,Madeleine,Down,Germany,849,Rayo Vallecano,849,849
850,Tobe,Beldom,China,850,Villarreal,850,850
851,Dulcinea,Casiero,Portugal,851,Almería,851,851
852,Bailie,Hindes,Argentina,852,Celta de Vigo,852,852
853,Joann,Hornbuckle,China,853,Girona,853,853
854,Farleigh,Morales,Egypt,854,Athletic Club,854,854
855,Leonie,Johnsey,Japan,855,Atlético de Madrid,855,855
856,Clemente,Musk,Philippines,856,Osasuna,856,856
857,Aylmer,Braunfeld,Indonesia,857,Osasuna,857,857
858,Alene,Gorbell,China,858,Real Valladolid,858,858
859,Shara,Blanque,Brazil,859,Rayo Vallecano,859,859
860,Anselm,Sharrier,China,860,Elche,860,860
861,Edmund,Renton,Sweden,861,Cádiz,861,861
862,Maia,Thick,Indonesia,862,Real Madrid,862,862
863,Donni,Haly,Angola,863,Elche,863,863
864,Wenda,Varrow,Portugal,864,Real Betis,864,864
865,Caz,Castiglioni,Bulgaria,865,Valencia CF,865,865
866,Patsy,Brunner,China,866,Elche,866,866
867,Hadlee,Smither,China,867,Real Valladolid,867,867
868,Farris,Hollier,Chile,868,Girona,868,868
869,Eveleen,Youings,Canada,869,Celta de Vigo,869,869
870,Shaylah,Trevear,Indonesia,870,Villarreal,870,870
871,Cindelyn,Flounders,Afghanistan,871,Almería,871,871
872,Brendon,Spacie,China,872,Real Madrid,872,872
873,Carita,Goodridge,Saudi Arabia,873,Elche,873,873
874,Karlens,Spykings,France,874,Real Sociedad,874,874
875,Pall,Durden,United States,875,Real Sociedad,875,875
876,Hilary,Morat,Brazil,876,Barcelona,876,876
877,Rici,Ashbee,Armenia,877,Girona,877,877
878,Burt,D'Enrico,Ukraine,878,Barcelona,878,878
879,Lucilia,Egle,Mexico,879,Girona,879,879
880,Georgie,Goford,Canada,880,Celta de Vigo,880,880
881,Gay,Denson,Paraguay,881,Sevilla,881,881
882,Darcy,Lathy,Netherlands,882,Valencia CF,882,882
883,Steffie,Steenson,Nigeria,883,Atlético de Madrid,883,883
884,May,Dunsire,Croatia,884,Athletic Club,884,884
885,Sean,Skittreal,Greece,885,Real Betis,885,885
886,Ketty,Lidgerton,United States,886,Barcelona,886,886
887,Shaina,Morrall,Brazil,887,Celta de Vigo,887,887
888,Veronica,Ellif,Portugal,888,Elche,888,888
889,Lind,Bugge,Venezuela,889,Valencia CF,889,889
890,Donna,Risborough,Japan,890,Elche,890,890
891,Jillie,Durham,Argentina,891,Osasuna,891,891
892,Essa,Dormon,Indonesia,892,Athletic Club,892,892
893,Deeann,Luxon,Philippines,893,Mallorca,893,893
894,Reece,Philipsohn,Canada,894,Cádiz,894,894
895,Hastie,Muzzall,Morocco,895,Athletic Club,895,895
896,Nathanael,Farnfield,Portugal,896,Almería,896,896
897,Lanny,Lethabridge,Haiti,897,Cádiz,897,897
898,Abramo,Dresser,Russia,898,Cádiz,898,898
899,Laughton,Filmer,Sweden,899,Osasuna,899,899
900,Christabel,Streeter,Philippines,900,Espanyol,900,900
901,Beitris,Marton,Finland,901,Real Sociedad,901,901
902,Sadie,Gillam,Dominican Republic,902,Sevilla,902,902
903,Rustie,Rupp,North Korea,903,Athletic Club,903,903
904,Zacharias,Bennoe,China,904,Girona,904,904
905,Minta,Oseland,Indonesia,905,Real Betis,905,905
906,Cully,Vayro,Japan,906,Celta de Vigo,906,906
907,Clo,Dudson,Indonesia,907,Barcelona,907,907
908,Alis,Cropton,Egypt,908,Elche,908,908
909,Myca,Colecrough,Russia,909,Almería,909,909
910,Tiffi,Brown,Czech Republic,910,Getafe,910,910
911,Glenine,Ashe,Malaysia,911,Rayo Vallecano,911,911
912,Terri,Firk,Brazil,912,Real Madrid,912,912
913,Claretta,Whistlecroft,Latvia,913,Real Madrid,913,913
914,Karole,Papaccio,Indonesia,914,Valencia CF,914,914
915,Elli,Godfree,Guatemala,915,Espanyol,915,915
916,Brantley,Penketh,Philippines,916,Getafe,916,916
917,Brietta,Sowte,China,917,Villarreal,917,917
918,Edee,Lynagh,Philippines,918,Real Valladolid,918,918
919,Zacherie,Dikels,Russia,919,Mallorca,919,919
920,Jane,Domenici,China,920,Athletic Club,920,920
921,Nananne,Romayne,Seychelles,921,Valencia CF,921,921
922,Rudolph,Proudley,China,922,Villarreal,922,922
923,Florie,Leveritt,Costa Rica,923,Barcelona,923,923
924,Malinde,Veracruysse,Colombia,924,Mallorca,924,924
925,Phillipp,Wressell,Nigeria,925,Real Betis,925,925
926,Arch,Willerson,Vietnam,926,Valencia CF,926,926
927,Bernette,Braidford,Poland,927,Elche,927,927
928,Zorina,Maass,Indonesia,928,Getafe,928,928
929,Constancia,Mityakov,France,929,Real Madrid,929,929
930,Clarice,Dunnett,Panama,930,Atlético de Madrid,930,930
931,Kearney,Pittwood,Colombia,931,Real Madrid,931,931
932,Lonnard,Ridsdell,Netherlands,932,Real Sociedad,932,932
933,Florella,Tarburn,Mexico,933,Athletic Club,933,933
934,Jacob,Kuban,Malaysia,934,Real Sociedad,934,934
935,Spence,Queyeiro,China,935,Cádiz,935,935
936,Melba,Harragin,Russia,936,Rayo Vallecano,936,936
937,Irv,Rigg,Philippines,937,Real Sociedad,937,937
938,Aurilia,Tapton,Hungary,938,Almería,938,938
939,Waly,Aikett,Greece,939,Getafe,939,939
940,Dunn,Scopyn,China,940,Elche,940,940
941,Basile,Ripon,Iran,941,Rayo Vallecano,941,941
942,Brantley,Swaden,Philippines,942,Mallorca,942,942
943,Myrilla,Lofting,Russia,943,Rayo Vallecano,943,943
944,Riva,Kubasiewicz,China,944,Villarreal,944,944
945,Vonny,Hudleston,Afghanistan,945,Espanyol,945,945
946,Fanchon,Vasyutin,Canada,946,Real Betis,946,946
947,Claudianus,Gaish,United Kingdom,947,Villarreal,947,947
948,Vida,Dalli,Slovenia,948,Getafe,948,948
949,Silvana,Westwell,China,949,Villarreal,949,949
950,Kaitlin,Felce,Russia,950,Cádiz,950,950
951,Harmonie,Rawcliffe,Greece,951,Celta de Vigo,951,951
952,Vanda,Wand,Brazil,952,Getafe,952,952
953,Delcine,Maccaig,Russia,953,Almería,953,953
954,Duane,Eliet,Venezuela,954,Athletic Club,954,954
955,Carita,Hilldrop,China,955,Celta de Vigo,955,955
956,Quinn,Hourahan,China,956,Espanyol,956,956
957,Denna,Klimuk,Greece,957,Cádiz,957,957
958,Elmo,Chastenet,Philippines,958,Real Valladolid,958,958
959,Xever,Begent,Brazil,959,Getafe,959,959
960,Stephannie,Lornsen,Peru,960,Espanyol,960,960
961,Robena,Bertlin,Libya,961,Girona,961,961
962,Frederick,Doumerc,Mauritania,962,Espanyol,962,962
963,Brucie,Elacoate,Czech Republic,963,Valencia CF,963,963
964,Loreen,McTear,Iran,964,Cádiz,964,964
965,Rebecka,O'Hagirtie,China,965,Barcelona,965,965
966,Jone,Simmill,Portugal,966,Villarreal,966,966
967,Minor,Pickworth,Sweden,967,Mallorca,967,967
968,Carma,Gleeson,China,968,Real Valladolid,968,968
969,Barbara,Toffler,Czech Republic,969,Rayo Vallecano,969,969
970,Maryjane,Coleridge,China,970,Atlético de Madrid,970,970
971,Millicent,Dickman,Indonesia,971,Barcelona,971,971
972,Cordelie,Loft,Libya,972,Almería,972,972
973,Kelby,Geelan,Sweden,973,Cádiz,973,973
974,Gerhardine,Woodfine,Portugal,974,Real Madrid,974,974
975,Annamarie,Ebbs,Indonesia,975,Barcelona,975,975
976,Dennis,McLae,China,976,Rayo Vallecano,976,976
977,Dwain,Tiffin,Paraguay,977,Sevilla,977,977
978,Jeanelle,Fiddiman,Poland,978,Celta de Vigo,978,978
979,Phylis,Downton,France,979,Villarreal,979,979
980,Gwenneth,Jedrzejewsky,Madagascar,980,Girona,980,980
981,Melita,Stollard,Greenland,981,Almería,981,981
982,Bellanca,Hetterich,France,982,Getafe,982,982
983,Carlina,Faulkes,China,983,Sevilla,983,983
984,Lek,Pope,Indonesia,984,Villarreal,984,984
985,Andrey,Grinnov,Sweden,985,Real Sociedad,985,985
986,Anna-diana,Studdard,Portugal,986,Girona,986,986
987,Evie,Tropman,China,987,Espanyol,987,987
988,Vanya,Bogie,Sweden,988,Cádiz,988,988
989,Leonie,Sedger,China,989,Real Betis,989,989
990,Lilly,MacLure,China,990,Osasuna,990,990
991,Willow,Gifkins,Azerbaijan,991,Real Madrid,991,991
992,Timotheus,Ducker,Argentina,992,Getafe,992,992
993,Marietta,Durbin,China,993,Atlético de Madrid,993,993
994,Giana,Frickey,Turkmenistan,994,Real Madrid,994,994
995,Marena,Custance,Tanzania,995,Barcelona,995,995
996,Roscoe,Lutton,China,996,Barcelona,996,996
997,Orbadiah,O'Doghesty,China,997,Athletic Club,997,997
998,Antoni,Hoggetts,Indonesia,998,Barcelona,998,998
999,Gannon,Dollimore,Indonesia,999,Valencia CF,999,999
1000,Lurleen,Feather,China,1000,Celta de Vigo,1000,1000
